index,timestamp,x,y,z,yaw,velocity
0,1.75279e+09,-62.8002,-12.2438,0.837984,1.5707,0.285846
1,1.75279e+09,-62.8004,-12.0695,0.8313,1.57067,0.399432
2,1.75279e+09,-62.7991,-11.8434,0.82496,1.56909,0.406494
3,1.75279e+09,-62.7936,-11.6486,0.822889,1.56544,0.376885
4,1.75279e+09,-62.7907,-11.4565,0.822477,1.56402,0.417986
5,1.75279e+09,-62.7874,-11.2142,0.823943,1.56277,0.537955
6,1.75279e+09,-62.7825,-10.8979,0.827497,1.56136,0.8642
7,1.75279e+09,-62.7742,-10.4131,0.827536,1.55872,1.01929
8,1.75279e+09,-62.7636,-9.87178,0.825058,1.55629,1.05756
9,1.75279e+09,-62.7523,-9.35015,0.823789,1.55454,1.03907
10,1.75279e+09,-62.7393,-8.81089,0.823457,1.55173,1.03288
11,1.75279e+09,-62.7269,-8.33982,0.823303,1.54932,1.01981
12,1.75279e+09,-62.7121,-7.83129,0.823423,1.54685,1.01756
13,1.75279e+09,-62.6958,-7.31693,0.82399,1.544,1.04692
14,1.75279e+09,-62.6774,-6.78473,0.82465,1.54133,1.13073
15,1.75279e+09,-62.6473,-5.9999,0.834564,1.53861,1.86487
16,1.75279e+09,-62.6058,-5.04792,0.82901,1.53346,1.84319
17,1.75279e+09,-62.5533,-4.17685,0.824008,1.51949,1.66315
18,1.75279e+09,-62.4914,-3.44948,0.822756,1.5042,1.52042
19,1.75279e+09,-62.4205,-2.64188,0.823123,1.49494,1.48782
20,1.75279e+09,-62.3514,-1.91281,0.82335,1.48678,1.43913
21,1.75279e+09,-62.2822,-1.23468,0.8235,1.47919,1.4104
22,1.75279e+09,-62.2005,-0.521588,0.823606,1.46843,1.35464
23,1.75279e+09,-62.1172,0.106308,0.823078,1.45652,1.29739
24,1.75279e+09,-62.0275,0.745167,0.823386,1.44668,1.28509
25,1.75279e+09,-61.9278,1.40977,0.824986,1.43623,1.38359
26,1.75279e+09,-61.778,2.3236,0.833377,1.42255,1.99027
27,1.75279e+09,-61.6301,3.24354,0.827736,1.41979,1.86432
28,1.75279e+09,-61.5034,4.10145,0.823862,1.42113,1.75152
29,1.75279e+09,-61.3763,4.95685,0.823528,1.42181,1.69854
30,1.75279e+09,-61.251,5.79932,0.824628,1.42226,1.72411
31,1.75279e+09,-61.0971,6.837,0.830713,1.42232,2.14566
32,1.75279e+09,-60.9461,7.91577,0.829833,1.42923,2.24183
33,1.75279e+09,-60.8149,8.98617,0.824811,1.44125,2.07566
34,1.75279e+09,-60.7073,9.95279,0.823792,1.45159,1.97329
35,1.75279e+09,-60.6069,10.9521,0.823837,1.4623,1.9192
36,1.75279e+09,-60.5172,11.949,0.826669,1.47259,2.04623
37,1.75279e+09,-60.4351,12.9806,0.830556,1.48318,2.3699
38,1.75279e+09,-60.3481,14.2576,0.833111,1.49642,2.69063
39,1.75279e+09,-60.2731,15.6341,0.828539,1.51107,2.67846
40,1.75279e+09,-60.186,16.9221,0.826007,1.50306,2.48116
41,1.75279e+09,-60.0971,18.1371,0.824204,1.50067,2.37667
42,1.75279e+09,-60.0114,19.2984,0.823962,1.49854,2.27069
43,1.75279e+09,-59.9304,20.3671,0.823852,1.49656,2.17781
44,1.75279e+09,-59.8444,21.4715,0.823926,1.49449,2.09914
45,1.75279e+09,-59.7538,22.609,0.831202,1.49324,2.50474
46,1.75279e+09,-59.6484,23.9081,0.832539,1.49135,2.77413
47,1.75279e+09,-59.5313,25.3135,0.826916,1.48878,2.62489
48,1.75279e+09,-59.4223,26.5844,0.825061,1.48647,2.54271
49,1.75279e+09,-59.3032,27.9014,0.831244,1.4819,2.83609
50,1.75279e+09,-59.1038,29.2334,0.83067,1.4292,2.54301
51,1.75279e+09,-58.6916,30.405,0.83342,1.29784,2.28185
52,1.75279e+09,-58.3386,31.3505,0.826223,1.2588,2.12799
53,1.75279e+09,-57.9913,32.3675,0.823556,1.24912,2.00949
54,1.75279e+09,-57.6614,33.3087,0.82427,1.24033,1.98191
55,1.75279e+09,-57.3361,34.2121,0.823667,1.23191,1.86087
56,1.75279e+09,-57.0156,35.0791,0.8251,1.22373,1.93516
57,1.75279e+09,-56.5944,36.1929,0.835464,1.21435,2.61495
58,1.75279e+09,-56.0538,37.4601,0.835866,1.1802,2.96853
59,1.75279e+09,-55.4024,38.7099,0.832811,1.10102,2.67922
60,1.75279e+09,-54.6743,39.6942,0.833427,0.988891,2.44515
61,1.75279e+09,-53.8925,40.5603,0.831673,0.890874,2.23218
62,1.75279e+09,-53.0756,41.306,0.828747,0.800619,2.03438
63,1.75279e+09,-52.3489,41.9036,0.825565,0.742515,1.90121
64,1.75279e+09,-51.602,42.4724,0.826487,0.68984,1.71364
65,1.75279e+09,-50.9256,42.881,0.826314,0.620349,1.58057
66,1.75279e+09,-50.2248,43.2449,0.825511,0.553639,1.4611
67,1.75279e+09,-49.5785,43.4845,0.828235,0.468043,1.45721
68,1.75279e+09,-48.9497,43.6729,0.825595,0.399324,1.40108
69,1.75279e+09,-48.2534,43.9263,0.824187,0.384271,1.35857
70,1.75279e+09,-47.593,44.1842,0.82507,0.378332,1.44361
71,1.75279e+09,-47.0016,44.41,0.826506,0.373044,1.53537
72,1.75279e+09,-46.2301,44.6874,0.826313,0.358259,1.61348
73,1.75279e+09,-45.346,44.9597,0.82659,0.324452,1.68428
74,1.75279e+09,-44.627,45.1849,0.825976,0.31693,1.71539
75,1.75279e+09,-43.7458,45.4658,0.825138,0.312409,1.72733
76,1.75279e+09,-43.0095,45.6969,0.82556,0.30876,1.75752
77,1.75279e+09,-42.077,45.9855,0.824347,0.303848,1.68928
78,1.75279e+09,-41.2723,46.2302,0.824013,0.299612,1.66254
79,1.75279e+09,-40.5066,46.4599,0.822868,0.295497,1.54211
80,1.75279e+09,-39.7323,46.6883,0.823808,0.291503,1.54558
81,1.75279e+09,-38.9755,46.9085,0.824931,0.287731,1.59482
82,1.75279e+09,-38.3113,47.0993,0.824102,0.284286,1.55486
83,1.75279e+09,-37.61,47.298,0.824823,0.280784,1.58977
84,1.75279e+09,-36.7512,47.5377,0.826561,0.276548,1.71447
85,1.75279e+09,-35.8814,47.7765,0.826063,0.272131,1.75212
86,1.75279e+09,-35.0582,47.9987,0.82586,0.268093,1.79471
87,1.75279e+09,-34.1061,48.2509,0.826134,0.262957,1.83553
88,1.75279e+09,-33.182,48.491,0.825126,0.258155,1.8189
89,1.75279e+09,-32.3695,48.6981,0.825546,0.254016,1.85544
90,1.75279e+09,-31.4722,48.9228,0.826575,0.249618,1.92281
91,1.75279e+09,-30.4981,49.1619,0.82557,0.244702,1.92794
92,1.75279e+09,-29.5112,49.399,0.826251,0.239828,2.01248
93,1.75279e+09,-28.4863,49.64,0.826228,0.234756,2.02094
94,1.75279e+09,-27.588,49.8467,0.825173,0.230253,1.9842
95,1.75279e+09,-26.6652,50.0545,0.825241,0.225629,1.97826
96,1.75279e+09,-25.5816,50.2929,0.824996,0.220224,1.9534
97,1.75279e+09,-24.7218,50.4777,0.824437,0.215954,1.88489
98,1.75279e+09,-23.7226,50.6874,0.82509,0.210823,1.90564
99,1.75279e+09,-22.9239,50.8207,0.826579,0.186817,1.9515
100,1.75279e+09,-21.9043,50.9636,0.826644,0.160413,2.00362
101,1.75279e+09,-20.8974,51.0832,0.826938,0.136016,2.04714
102,1.75279e+09,-19.8699,51.179,0.826377,0.113427,2.08575
103,1.75279e+09,-18.8624,51.275,0.826552,0.10293,2.12844
104,1.75279e+09,-17.6638,51.3638,0.826541,0.0861778,2.16776
105,1.75279e+09,-16.6611,51.4409,0.826619,0.0809794,2.20255
106,1.75279e+09,-15.4654,51.5156,0.826547,0.0679078,2.23164
107,1.75279e+09,-14.433,51.5778,0.826621,0.0640293,2.26461
108,1.75279e+09,-13.1596,51.6382,0.827304,0.0498481,2.28793
109,1.75279e+09,-12.0102,51.6263,0.827337,0.0107745,2.30971
110,1.75279e+09,-10.8503,51.567,0.827185,-0.0288673,2.33382
111,1.75279e+09,-9.73344,51.5755,0.828015,7.6324e-05,2.33472
112,1.75279e+09,-8.6102,51.6469,0.827574,0.0393551,2.35417
113,1.75279e+09,-7.43817,51.6437,0.82804,0.00473324,2.35124
114,1.75279e+09,-6.35485,51.5739,0.827726,-0.0372454,2.36813
115,1.75279e+09,-5.08142,51.5381,0.826486,-0.0285518,2.36855
116,1.75279e+09,-3.94023,51.5153,0.826537,-0.0238994,2.38629
117,1.75279e+09,-2.64667,51.4949,0.826623,-0.0185829,2.40429
118,1.75279e+09,-1.53738,51.4828,0.826642,-0.0139624,2.41819
119,1.75279e+09,-0.17869,51.4751,0.826648,-0.008204,2.43352
120,1.75279e+09,0.894602,51.4746,0.82665,-0.00369583,2.44443
121,1.75279e+09,2.16891,51.4801,0.826651,0.00152122,2.45615
122,1.75279e+09,3.49829,51.4929,0.826651,0.00694626,2.46712
123,1.75279e+09,4.68462,51.5104,0.826652,0.0118286,2.47594
124,1.75279e+09,5.92455,51.535,0.826657,0.0169848,2.48429
125,1.75279e+09,7.11849,51.5647,0.826662,0.0221051,2.49159
126,1.75279e+09,8.46544,51.6055,0.826662,0.0276924,2.49901
127,1.75279e+09,9.56559,51.6445,0.826669,0.0322957,2.5045
128,1.75279e+09,10.9688,51.7014,0.826667,0.0380748,2.51083
129,1.75279e+09,11.973,51.7472,0.826669,0.0422109,2.51493
130,1.75279e+09,13.3308,51.8157,0.826668,0.0478063,2.51999
131,1.75279e+09,14.5899,51.886,0.826668,0.0529971,2.52422
132,1.75279e+09,15.8507,51.963,0.826669,0.0581965,2.52806
133,1.75279e+09,17.1129,52.0466,0.826669,0.063404,2.53153
134,1.75279e+09,18.5279,52.1482,0.826667,0.0692452,2.53505
135,1.75279e+09,19.7418,52.2421,0.826668,0.0742633,2.53776
136,1.75279e+09,21.0071,52.3464,0.826668,0.0794937,2.54033
137,1.75279e+09,22.2223,52.4528,0.826668,0.0845196,2.54257
138,1.75279e+09,23.4381,52.5655,0.826668,0.0895495,2.54461
139,1.75279e+09,24.8569,52.7048,0.826668,0.0954203,2.54676
140,1.75279e+09,26.0225,52.8255,0.826667,0.100247,2.54836
141,1.75279e+09,27.3404,52.9688,0.826668,0.105706,2.54999
142,1.75279e+09,28.6074,53.0902,0.827301,0.0944738,2.54103
143,1.75279e+09,29.876,53.1719,0.826684,0.0745092,2.54366
144,1.75279e+09,31.147,53.23,0.826614,0.0548488,2.54569
145,1.75279e+09,32.3689,53.2628,0.826637,0.0359767,2.54737
146,1.75279e+09,33.592,53.2726,0.826643,0.0170747,2.54891
147,1.75279e+09,34.9687,53.2559,0.826645,-0.00436942,2.55052
148,1.75279e+09,36.2946,53.2118,0.826645,-0.0248911,2.55188
149,1.75279e+09,37.4671,53.1503,0.826657,-0.0429215,2.55291
150,1.75279e+09,38.6387,53.0675,0.826644,-0.0610788,2.55389
151,1.75279e+09,40.0583,53.0658,0.828376,-0.0110218,2.53373
152,1.75279e+09,41.2158,53.0753,0.826663,-0.00671092,2.50978
153,1.75279e+09,42.1704,53.0624,0.826365,-0.00926321,2.51424
154,1.75279e+09,43.6806,53.0404,0.826605,-0.0129358,2.51994
155,1.75279e+09,45.1434,53.0138,0.826653,-0.0164961,2.52484
156,1.75279e+09,46.2043,52.9913,0.826661,-0.0190777,2.52806
157,1.75279e+09,47.5702,52.9584,0.826664,-0.0224029,2.53182
158,1.75279e+09,48.8364,52.9237,0.826665,-0.025487,2.53497
159,1.75279e+09,50.1041,52.8851,0.826665,-0.0285749,2.53782
160,1.75279e+09,51.3222,52.8443,0.826666,-0.0315427,2.5403
161,1.75279e+09,52.6937,52.7941,0.826666,-0.0349186,2.54284
162,1.75279e+09,53.9647,52.7433,0.826665,-0.0380167,2.54495
163,1.75279e+09,55.2874,52.6863,0.82667,-0.0413358,2.54695
164,1.75279e+09,56.4581,52.6322,0.82667,-0.0443443,2.54856
165,1.75279e+09,57.7313,52.5693,0.826671,-0.047451,2.55014
166,1.75279e+09,59.005,52.5025,0.826672,-0.0505611,2.55157
167,1.75279e+09,60.2791,52.4317,0.826673,-0.0536764,2.55287
168,1.75279e+09,61.6047,52.3538,0.826673,-0.05691,2.55409
169,1.75279e+09,62.9305,52.2716,0.826671,-0.0601582,2.5552
170,1.75279e+09,64.0527,52.1986,0.826671,-0.0628982,2.55605
171,1.75279e+09,65.328,52.1119,0.826672,-0.0660116,2.55692
172,1.75279e+09,66.6527,52.0401,0.826535,-0.0573295,2.5497
173,1.75279e+09,67.9769,51.9674,0.826631,-0.0561237,2.55125
174,1.75279e+09,69.2511,51.8986,0.826662,-0.0549876,2.55259
175,1.75279e+09,70.5769,51.8286,0.826669,-0.0538046,2.55386
176,1.75279e+09,71.6993,51.7705,0.826671,-0.0528031,2.55483
177,1.75279e+09,73.1284,51.701,0.826991,-0.049204,2.55038
178,1.75279e+09,74.2972,51.7069,0.827126,-0.0145277,2.54221
179,1.75279e+09,75.5177,51.7356,0.826781,0.010335,2.54421
180,1.75279e+09,76.8872,51.7593,0.828172,0.00643906,2.52706
181,1.75279e+09,78.1983,51.6814,0.827817,-0.0382277,2.51461
182,1.75279e+09,79.4532,51.6961,0.827881,0.00118456,2.51088
183,1.75279e+09,80.7069,51.7761,0.827605,0.043504,2.51442
184,1.75279e+09,81.9085,51.857,0.827278,0.0512558,2.50555
185,1.75279e+09,83.2126,51.885,0.826829,0.0309578,2.51135
186,1.75279e+09,84.369,51.8876,0.82658,0.0128372,2.51624
187,1.75279e+09,85.7289,51.8652,0.82663,-0.00825494,2.52109
188,1.75279e+09,86.8888,51.8235,0.826642,-0.0262581,2.52483
189,1.75279e+09,88.1503,51.7544,0.826645,-0.0458561,2.52852
190,1.75279e+09,89.3614,51.6647,0.826665,-0.0647001,2.53166
191,1.75279e+09,90.7234,51.5636,0.826991,-0.0680887,2.52785
192,1.75279e+09,91.8852,51.4967,0.826626,-0.0622222,2.5313
193,1.75279e+09,93.3018,51.4225,0.826651,-0.0551378,2.53478
194,1.75279e+09,94.5686,51.3648,0.826664,-0.0488043,2.53762
195,1.75279e+09,95.8371,51.315,0.826679,-0.0424664,2.54017
196,1.75279e+09,97.0562,51.2758,0.826815,-0.0354878,2.53966
197,1.75279e+09,98.3265,51.2501,0.82664,-0.0257618,2.54226
198,1.75279e+09,99.5981,51.2311,0.826661,-0.0185202,2.54439
199,1.75279e+09,100.767,51.2389,0.827178,0.000686368,2.5391
200,1.75279e+09,102.139,51.2694,0.826609,0.0150556,2.54219
201,1.75279e+09,103.461,51.3138,0.82667,0.0280191,2.54433
202,1.75279e+09,104.63,51.3673,0.826678,0.0395006,2.54601
203,1.75279e+09,105.902,51.4408,0.826678,0.0519892,2.54764
204,1.75279e+09,107.224,51.5341,0.826691,0.0649874,2.54924
205,1.75279e+09,108.443,51.6349,0.826772,0.0764862,2.54822
206,1.75279e+09,109.815,51.7131,0.826567,0.0637916,2.54483
207,1.75279e+09,111.085,51.7767,0.82706,0.0526291,2.54186
208,1.75279e+09,112.357,51.8007,0.826745,0.0293492,2.54434
209,1.75279e+09,113.629,51.796,0.826616,0.00666816,2.54632
210,1.75279e+09,114.902,51.7629,0.826631,-0.0160035,2.548
211,1.75279e+09,116.071,51.7738,0.827596,0.00387467,2.5403
212,1.75279e+09,117.391,51.8365,0.827102,0.0341368,2.54216
213,1.75279e+09,118.709,51.8965,0.827095,0.0368657,2.53705
214,1.75279e+09,119.928,51.9172,0.826568,0.0244022,2.5399
215,1.75279e+09,121.249,51.9241,0.826633,0.0109729,2.54232
216,1.75279e+09,122.521,51.914,0.826651,-0.00196073,2.54441
217,1.75279e+09,123.793,51.8875,0.826656,-0.0149056,2.54631
218,1.75279e+09,125.015,51.8465,0.826656,-0.0273361,2.54796
219,1.75279e+09,126.339,51.7863,0.826827,-0.0396786,2.54689
220,1.75279e+09,127.56,51.771,0.826984,-0.0209053,2.54479
221,1.75279e+09,128.884,51.7806,0.826622,-0.00157026,2.5469
222,1.75279e+09,130.157,51.8128,0.826672,0.0169838,2.54835
223,1.75279e+09,131.379,51.8434,0.827302,0.0187042,2.545
224,1.75279e+09,132.652,51.8308,0.826807,-0.000736891,2.54695
225,1.75279e+09,133.976,51.8022,0.82729,-0.0121199,2.54205
226,1.75279e+09,135.247,51.818,0.826858,0.00466113,2.54417
227,1.75279e+09,136.518,51.8124,0.826568,-0.00241724,2.54211
228,1.75279e+09,137.688,51.7969,0.826659,-0.00908374,2.5439
229,1.75279e+09,139.062,51.7691,0.826675,-0.0169865,2.546
230,1.75279e+09,140.233,51.7368,0.82668,-0.0237137,2.54758
231,1.75279e+09,141.608,51.6889,0.826674,-0.0315588,2.54931
232,1.75279e+09,142.882,51.6348,0.826709,-0.0388172,2.55049
233,1.75279e+09,144.156,51.5715,0.826708,-0.0460832,2.55164
234,1.75279e+09,145.43,51.4989,0.826688,-0.053358,2.55276
235,1.75279e+09,146.602,51.4239,0.826663,-0.0600622,2.55386
236,1.75279e+09,147.876,51.3334,0.826665,-0.0673486,2.55492
237,1.75279e+09,149.252,51.2252,0.826667,-0.0752241,2.55594
238,1.75279e+09,150.525,51.1153,0.826667,-0.0825176,2.5568
239,1.75279e+09,151.747,51.0304,0.827157,-0.0698935,2.54805
240,1.75279e+09,153.019,50.9564,0.826664,-0.0631654,2.54842
241,1.75279e+09,154.344,50.9069,0.826736,-0.0447902,2.54799
242,1.75279e+09,155.567,50.8663,0.82666,-0.0380186,2.55
243,1.75279e+09,156.892,50.8257,0.82666,-0.0328519,2.5503
244,1.75279e+09,158.167,50.7877,0.826659,-0.0311415,2.55177
245,1.75279e+09,159.391,50.7608,0.827139,-0.0232233,2.54823
246,1.75279e+09,160.717,50.7385,0.826643,-0.0198773,2.55009
247,1.75279e+09,161.99,50.7435,0.827181,0.000139372,2.543
248,1.75279e+09,163.261,50.78,0.82661,0.0186412,2.5452
249,1.75279e+09,164.432,50.832,0.826636,0.0354038,2.54698
250,1.75279e+09,165.805,50.9179,0.826659,0.0551124,2.54858
251,1.75279e+09,167.075,51.0217,0.826633,0.0734394,2.55008
252,1.75279e+09,168.346,51.1181,0.826658,0.0733749,2.54881
253,1.75279e+09,169.618,51.2023,0.826636,0.0689458,2.55027
254,1.75279e+09,170.839,51.2681,0.826623,0.0587889,2.54908
255,1.75279e+09,172.164,51.3353,0.82667,0.0533968,2.55033
256,1.75279e+09,173.385,51.3665,0.826581,0.0357526,2.54554
257,1.75279e+09,174.657,51.3917,0.826895,0.0241895,2.5432
258,1.75279e+09,175.927,51.3794,0.826511,0.00167939,2.54059
259,1.75279e+09,177.196,51.3514,0.827128,-0.0170466,2.53578
260,1.75279e+09,178.409,51.2805,0.826516,-0.0414859,2.53268
261,1.75279e+09,179.723,51.1998,0.826783,-0.0566461,2.52884
262,1.75279e+09,181.033,51.0807,0.826655,-0.0798214,2.53129
263,1.75279e+09,182.293,50.9482,0.826663,-0.0964905,2.53282
264,1.75279e+09,183.536,50.7439,0.827748,-0.14477,2.51502
265,1.75279e+09,184.775,50.5195,0.826481,-0.165231,2.52198
266,1.75279e+09,186.012,50.2778,0.82664,-0.184293,2.52016
267,1.75279e+09,187.249,50.0336,0.826607,-0.190779,2.52431
268,1.75279e+09,188.487,49.7827,0.826644,-0.196806,2.52814
269,1.75279e+09,189.726,49.524,0.826653,-0.202842,2.53161
270,1.75279e+09,190.964,49.2575,0.826656,-0.208886,2.53475
271,1.75279e+09,192.202,48.9832,0.826656,-0.214938,2.5376
272,1.75279e+09,193.44,48.7011,0.826665,-0.220994,2.54016
273,1.75279e+09,194.627,48.4229,0.826655,-0.226817,2.54242
274,1.75279e+09,195.864,48.1288,0.826973,-0.230269,2.5401
275,1.75279e+09,197.156,47.8622,0.82653,-0.214625,2.5377
276,1.75279e+09,198.397,47.5948,0.82663,-0.213408,2.54026
277,1.75279e+09,199.59,47.3392,0.826665,-0.212243,2.54246
278,1.75279e+09,200.883,47.0636,0.826671,-0.210978,2.54461
279,1.75279e+09,202.079,46.8104,0.826676,-0.20976,2.54628
280,1.75279e+09,203.325,46.5482,0.826653,-0.208325,2.54816
281,1.75279e+09,204.573,46.2874,0.826655,-0.207305,2.54979
282,1.75279e+09,205.821,46.0278,0.826657,-0.20608,2.55127
283,1.75279e+09,207.071,45.7696,0.826657,-0.204848,2.55262
284,1.75279e+09,208.321,45.5127,0.826656,-0.20366,2.55383
285,1.75279e+09,209.623,45.2471,0.826656,-0.20228,2.55498
286,1.75279e+09,210.825,45.0035,0.826655,-0.201104,2.55594
287,1.75279e+09,212.078,44.751,0.826655,-0.199994,2.55685
288,1.75279e+09,213.382,44.4896,0.826684,-0.198906,2.55707
289,1.75279e+09,214.575,44.2141,0.826627,-0.217096,2.55098
290,1.75279e+09,215.861,43.8914,0.826632,-0.237812,2.54643
291,1.75279e+09,217.038,43.5676,0.827311,-0.260603,2.53524
292,1.75279e+09,218.239,43.1684,0.827689,-0.304535,2.52015
293,1.75279e+09,219.362,42.5533,0.834506,-0.442322,2.46765
294,1.75279e+09,220.435,41.9408,0.828208,-0.486157,2.46981
295,1.75279e+09,221.412,41.3162,0.826361,-0.535583,2.31239
296,1.75279e+09,222.343,40.6704,0.827231,-0.585487,2.03464
297,1.75279e+09,223.05,40.0205,0.828156,-0.673218,1.82025
298,1.75279e+09,223.666,39.4143,0.824273,-0.723653,1.64169
299,1.75279e+09,224.237,38.8856,0.82272,-0.732027,1.47986
300,1.75279e+09,224.73,38.4248,0.822355,-0.740695,1.34294
301,1.75279e+09,225.212,37.9721,0.822275,-0.745632,1.21751
302,1.75279e+09,225.627,37.5727,0.822264,-0.753807,1.10086
303,1.75279e+09,225.983,37.2237,0.822247,-0.760613,0.992958
304,1.75279e+09,226.267,36.8479,0.825019,-0.812419,0.844168
305,1.75279e+09,226.467,36.5192,0.823605,-0.863645,0.767718
306,1.75279e+09,226.673,36.1939,0.823327,-0.894801,0.783832
307,1.75279e+09,226.869,35.854,0.824181,-0.937588,0.797087
308,1.75279e+09,227.039,35.4744,0.824137,-0.99317,0.799923
309,1.75279e+09,227.197,35.1139,0.823665,-1.03327,0.822648
310,1.75279e+09,227.338,34.7049,0.824135,-1.09095,0.841572
311,1.75279e+09,227.449,34.3036,0.824233,-1.14664,0.858492
312,1.75279e+09,227.536,33.906,0.823589,-1.20127,0.836916
313,1.75279e+09,227.604,33.4766,0.823425,-1.25869,0.813489
314,1.75279e+09,227.646,33.0839,0.823511,-1.31121,0.812172
315,1.75279e+09,227.666,32.6807,0.822787,-1.36517,0.740562
316,1.75279e+09,227.666,32.308,0.822551,-1.41465,0.698842
317,1.75279e+09,227.662,31.9575,0.823086,-1.44955,0.7268
318,1.75279e+09,227.702,31.5854,0.823826,-1.45246,0.771897
319,1.75279e+09,227.742,31.2079,0.82384,-1.45685,0.812475
320,1.75279e+09,227.774,30.7766,0.82429,-1.46922,0.854884
321,1.75279e+09,227.807,30.3445,0.823898,-1.47474,0.886757
322,1.75279e+09,227.834,29.8941,0.824338,-1.48606,0.919787
323,1.75279e+09,227.854,29.43,0.823812,-1.49765,0.937808
324,1.75279e+09,227.881,28.9612,0.823686,-1.50241,0.948272
325,1.75279e+09,227.905,28.5009,0.822881,-1.50785,0.918831
326,1.75279e+09,227.924,28.0613,0.822561,-1.51414,0.840811
327,1.75279e+09,227.935,27.6822,0.822375,-1.52129,0.79496
328,1.75279e+09,227.946,27.2791,0.822303,-1.52739,0.7394
329,1.75279e+09,227.96,26.8989,0.822912,-1.52889,0.787277
330,1.75279e+09,227.992,26.5015,0.850299,-1.52859,0.957526
331,1.75279e+09,228.012,25.895,0.834373,-1.53006,1.19643
332,1.75279e+09,228.024,25.2838,0.826084,-1.536,1.16378
333,1.75279e+09,228.027,24.7178,0.823835,-1.54538,1.12023
334,1.75279e+09,228.031,24.1929,0.82307,-1.55092,1.07749
335,1.75279e+09,228.033,23.6471,0.824099,-1.55562,1.12448
336,1.75279e+09,228.033,23.0605,0.824063,-1.56139,1.13199
337,1.75279e+09,228.03,22.5273,0.824755,-1.56687,1.20961
338,1.75279e+09,228.022,21.8839,0.824484,-1.57336,1.22773
339,1.75279e+09,228.01,21.259,0.823698,-1.57944,1.20197
340,1.75279e+09,227.996,20.6667,0.823526,-1.58506,1.17233
341,1.75279e+09,227.98,20.1106,0.823254,-1.59015,1.15104
342,1.75279e+09,227.959,19.5144,0.823523,-1.5966,1.13663
343,1.75279e+09,227.935,18.9347,0.825563,-1.60199,1.26357
344,1.75279e+09,227.904,18.2688,0.824866,-1.60827,1.28276
345,1.75279e+09,227.87,17.6432,0.823634,-1.61463,1.21877
346,1.75279e+09,227.838,17.0997,0.823036,-1.61976,1.18251
347,1.75279e+09,227.812,16.5133,0.822842,-1.61698,1.08574
348,1.75279e+09,227.8,15.9683,0.823457,-1.60884,1.1088
349,1.75279e+09,227.792,15.3883,0.823768,-1.60054,1.12286
350,1.75279e+09,227.788,14.8497,0.823438,-1.59265,1.10454
351,1.75279e+09,227.789,14.2996,0.823405,-1.58509,1.09318
352,1.75279e+09,227.793,13.718,0.824559,-1.57781,1.1589
353,1.75279e+09,227.774,13.1328,0.823328,-1.58818,1.08999
354,1.75279e+09,227.76,12.6249,0.822605,-1.59113,1.03829
355,1.75279e+09,227.743,12.0844,0.823019,-1.59456,1.01508
356,1.75279e+09,227.725,11.542,0.824157,-1.59764,1.07864
357,1.75279e+09,227.706,11.0296,0.822773,-1.60066,0.978286
358,1.75279e+09,227.688,10.583,0.822375,-1.60393,0.880437
359,1.75279e+09,227.633,10.1311,0.823521,-1.62841,0.904242
360,1.75279e+09,227.579,9.52379,0.83294,-1.6389,1.57264
361,1.75279e+09,227.497,8.71653,0.830156,-1.6557,1.66715
362,1.75279e+09,227.28,7.92219,0.830408,-1.75123,1.55035
363,1.75279e+09,226.987,7.23475,0.828295,-1.85044,1.44447
364,1.75279e+09,226.652,6.62172,0.827175,-1.9418,1.3568
365,1.75279e+09,226.287,6.07828,0.825977,-2.02647,1.26958
366,1.75279e+09,225.921,5.61651,0.825411,-2.1031,1.19339
367,1.75279e+09,225.544,5.20825,0.824802,-2.17573,1.12812
368,1.75279e+09,225.128,4.81901,0.82455,-2.24988,1.07252
369,1.75279e+09,224.771,4.5292,0.824256,-2.30955,1.02468
370,1.75279e+09,224.351,4.22997,0.823862,-2.37684,0.958106
371,1.75279e+09,223.933,3.97278,0.823648,-2.44234,0.929499
372,1.75279e+09,223.552,3.76921,0.82353,-2.49938,0.885045
373,1.75279e+09,223.141,3.58124,0.823411,-2.56016,0.853783
374,1.75279e+09,222.784,3.44148,0.823274,-2.61188,0.824871
375,1.75279e+09,222.347,3.2997,0.82406,-2.67364,0.853904
376,1.75279e+09,221.907,3.18452,0.82539,-2.7346,0.970714
377,1.75279e+09,221.395,3.08499,0.826434,-2.80452,1.1034
378,1.75279e+09,220.899,3.02049,0.825841,-2.871,1.12931
379,1.75279e+09,220.301,2.97168,0.823455,-2.93561,1.02445
380,1.75279e+09,219.894,2.95278,0.823747,-2.98007,0.929771
381,1.75279e+09,219.367,2.95156,0.824974,-3.03165,1.02668
382,1.75279e+09,218.785,2.93944,0.826912,-3.05979,1.2128
383,1.75279e+09,218.193,2.91086,0.827345,-3.07257,1.35589
384,1.75279e+09,217.474,2.87271,0.827397,-3.07876,1.5138
385,1.75279e+09,216.686,2.88056,0.828218,-3.11633,1.64078
386,1.75279e+09,215.937,2.88351,0.82738,-3.12677,1.75527
387,1.75279e+09,214.874,2.88089,0.827598,-3.13388,1.89807
388,1.75279e+09,214.017,2.88429,0.827601,-3.13957,1.99155
389,1.75279e+09,212.928,2.89522,0.824426,3.13637,1.7305
390,1.75279e+09,212.202,2.90695,0.822857,3.13123,1.57993
391,1.75279e+09,211.454,2.92319,0.822376,3.12592,1.42233
392,1.75279e+09,210.675,2.94418,0.82227,3.12216,1.26795
393,1.75279e+09,210.074,2.9629,0.822256,3.1171,1.15308
394,1.75279e+09,209.615,2.97907,0.822247,3.11451,1.05006
395,1.75279e+09,209.044,3.00109,0.822235,3.11083,0.920368
396,1.75279e+09,208.658,3.01722,0.822235,3.10818,0.834181
397,1.75279e+09,208.235,3.02414,0.82223,3.11453,0.731042
398,1.75279e+09,207.913,3.03104,0.822228,3.11408,0.654029
399,1.75279e+09,207.586,3.05069,0.822258,3.10726,0.633491
400,1.75279e+09,207.181,3.07727,0.825518,3.09979,0.864202
401,1.75279e+09,206.754,3.10795,0.825742,3.09157,0.947269
402,1.75279e+09,206.305,3.14406,0.824549,3.08251,1.00169
403,1.75279e+09,205.743,3.18651,0.824701,3.07975,0.997731
404,1.75279e+09,205.265,3.20362,0.823128,3.08629,0.916925
405,1.75279e+09,204.862,3.21867,0.822493,3.09112,0.840663
406,1.75279e+09,204.476,3.23156,0.822311,3.09535,0.765517
407,1.75279e+09,204.065,3.24337,0.822269,3.10027,0.702152
408,1.75279e+09,203.719,3.25413,0.822263,3.10165,0.634832
409,1.75279e+09,203.43,3.28334,0.823109,3.08889,0.692227
410,1.75279e+09,203.044,3.33109,0.824972,3.07204,0.826959
411,1.75279e+09,202.572,3.35792,0.825364,3.07609,0.952271
412,1.75279e+09,202.066,3.38636,0.826589,3.0794,1.09947
413,1.75279e+09,201.504,3.41639,0.824528,3.08288,1.08421
414,1.75279e+09,201.038,3.43997,0.823117,3.08519,1.02947
415,1.75279e+09,200.427,3.46895,0.825396,3.08811,1.18088
416,1.75279e+09,199.955,3.49017,0.825076,3.09115,1.20585
417,1.75279e+09,199.209,3.52058,0.827318,3.0957,1.44861
418,1.75279e+09,198.469,3.54802,0.828725,3.09938,1.67495
419,1.75279e+09,197.53,3.57884,0.825947,3.10445,1.65512
420,1.75279e+09,196.785,3.5999,0.823988,3.10855,1.58904
421,1.75279e+09,196.008,3.6186,0.82337,3.11282,1.52399
422,1.75279e+09,195.32,3.63237,0.823221,3.1166,1.46978
423,1.75279e+09,194.571,3.64442,0.823194,3.12066,1.4152
424,1.75279e+09,193.903,3.65259,0.823198,3.12431,1.37009
425,1.75279e+09,193.124,3.65903,0.823173,3.12859,1.31961
426,1.75279e+09,192.526,3.6617,0.823145,3.13188,1.28043
427,1.75279e+09,191.92,3.66238,0.82313,3.13524,1.24544
428,1.75279e+09,191.256,3.66082,0.823197,3.13881,1.21351
429,1.75279e+09,190.729,3.6579,0.823199,3.14156,1.18598
430,1.75279e+09,190.049,3.65194,0.823222,-3.13805,1.15848
431,1.75279e+09,189.476,3.64501,0.823232,-3.13508,1.1394
432,1.75279e+09,189.002,3.63812,0.823261,-3.13293,1.11806
433,1.75279e+09,188.404,3.62773,0.82332,-3.12922,1.0954
434,1.75279e+09,187.818,3.61528,0.823227,-3.12561,1.07203
435,1.75279e+09,187.39,3.61645,0.823728,-3.13196,1.06636
436,1.75279e+09,186.823,3.63687,0.823492,3.13517,1.04685
437,1.75279e+09,186.305,3.66356,0.823388,3.12109,1.02627
438,1.75279e+09,185.754,3.64884,0.824248,3.13954,1.0615
439,1.75279e+09,185.178,3.61113,0.825915,-3.12003,1.22488
440,1.75279e+09,184.623,3.59701,0.825288,-3.12055,1.19234
441,1.75279e+09,183.959,3.58813,0.823635,-3.12264,1.18235
442,1.75279e+09,183.464,3.58126,0.823592,-3.1242,1.17669
443,1.75279e+09,182.832,3.57339,0.823543,-3.12602,1.16624
444,1.75279e+09,182.228,3.56695,0.823546,-3.12779,1.15709
445,1.75279e+09,181.627,3.56148,0.823529,-3.12919,1.14943
446,1.75279e+09,181.099,3.55739,0.82354,-3.13039,1.14392
447,1.75279e+09,180.551,3.55393,0.823537,-3.13165,1.13813
448,1.75279e+09,179.958,3.55051,0.823488,-3.13219,1.13486
449,1.75279e+09,179.347,3.54772,0.823542,-3.13364,1.13008
450,1.75279e+09,178.783,3.54614,0.823576,-3.13579,1.12491
451,1.75279e+09,178.311,3.54585,0.823528,-3.13772,1.1223
452,1.75279e+09,177.66,3.54681,0.823595,-3.14036,1.11961
453,1.75279e+09,177.102,3.5488,0.823473,3.14106,1.11471
454,1.75279e+09,176.566,3.55162,0.823553,3.1398,1.11377
455,1.75279e+09,176.054,3.55513,0.823594,3.13794,1.11331
456,1.75279e+09,175.433,3.56074,0.823562,3.13503,1.10554
457,1.75279e+09,174.88,3.56686,0.823516,3.13413,1.10319
458,1.75279e+09,174.328,3.57386,0.823516,3.13221,1.10247
459,1.75279e+09,173.777,3.58162,0.823593,3.13054,1.10083
460,1.75279e+09,173.226,3.59054,0.823619,3.12806,1.10353
461,1.75279e+09,172.742,3.59956,0.823591,3.1267,1.09713
462,1.75279e+09,172.215,3.60979,0.823545,3.1256,1.09814
463,1.75279e+09,171.6,3.62263,0.823626,3.12394,1.09864
464,1.75279e+09,171.096,3.63387,0.823551,3.12298,1.09607
465,1.75279e+09,170.528,3.6473,0.823586,3.12067,1.09153
466,1.75279e+09,169.983,3.66125,0.823568,3.11928,1.08996
467,1.75279e+09,169.393,3.67751,0.823689,3.11713,1.09985
468,1.75279e+09,168.891,3.6923,0.823566,3.11557,1.085
469,1.75279e+09,168.324,3.70956,0.823636,3.11465,1.09241
470,1.75279e+09,167.801,3.72612,0.823621,3.11349,1.09186
471,1.75279e+09,167.28,3.74342,0.823461,3.11157,1.0893
472,1.75279e+09,166.779,3.76094,0.823626,3.10986,1.08888
473,1.75279e+09,166.17,3.78332,0.823521,3.10794,1.08997
474,1.75279e+09,165.584,3.806,0.823557,3.1059,1.08256
475,1.75279e+09,165.085,3.82635,0.823549,3.10399,1.08282
476,1.75279e+09,164.562,3.84887,0.82362,3.10188,1.09159
477,1.75279e+09,163.998,3.87392,0.823591,3.10091,1.09193
478,1.75279e+09,163.456,3.89845,0.823544,3.10008,1.08881
479,1.75279e+09,162.935,3.92283,0.823613,3.09763,1.07803
480,1.75279e+09,162.436,3.94722,0.823609,3.09628,1.08429
481,1.75279e+09,161.895,3.97448,0.823642,3.09458,1.08077
482,1.75279e+09,161.308,4.00499,0.823618,3.09314,1.0934
483,1.75279e+09,160.745,4.03498,0.823659,3.0918,1.08955
484,1.75279e+09,160.204,4.06469,0.823563,3.09025,1.08658
485,1.75279e+09,159.662,4.09502,0.823571,3.08938,1.09189
486,1.75279e+09,159.142,4.12507,0.823521,3.08696,1.08345
487,1.75279e+09,158.536,4.16138,0.82353,3.08541,1.08324
488,1.75279e+09,158.017,4.19332,0.823686,3.08349,1.0889
489,1.75279e+09,157.498,4.22599,0.823581,3.08264,1.08175
490,1.75279e+09,156.958,4.26033,0.823589,3.08149,1.08993
491,1.75279e+09,156.439,4.29433,0.823593,3.07919,1.08204
492,1.75279e+09,155.898,4.33067,0.823667,3.07788,1.08468
493,1.75279e+09,155.357,4.36767,0.823696,3.07716,1.07401
494,1.75279e+09,154.817,4.40523,0.82359,3.07524,1.07918
495,1.75279e+09,154.293,4.44246,0.823727,3.07413,1.0867
496,1.75279e+09,153.712,4.48469,0.822656,3.07256,1.00057
497,1.75279e+09,153.235,4.50922,0.822602,3.07779,0.911827
498,1.75279e+09,152.829,4.53316,0.822384,3.07932,0.858099
499,1.75279e+09,152.351,4.5607,0.824432,3.08039,0.983655
500,1.75279e+09,151.828,4.57439,0.825702,3.09341,1.10508
501,1.75279e+09,151.221,4.56775,0.825879,3.1156,1.22566
502,1.75279e+09,150.585,4.54843,0.826011,3.13786,1.32332
503,1.75279e+09,149.952,4.51506,0.826333,-3.12293,1.4295
504,1.75279e+09,149.183,4.50806,0.826955,-3.12986,1.53238
505,1.75279e+09,148.356,4.52151,0.826656,3.14071,1.64074
506,1.75279e+09,147.516,4.50408,0.827763,-3.12581,1.71792
507,1.75279e+09,146.708,4.4843,0.827417,-3.12728,1.78765
508,1.75279e+09,145.828,4.49088,0.826718,-3.13708,1.87261
509,1.75279e+09,144.836,4.50486,0.826805,3.13577,1.94494
510,1.75279e+09,143.806,4.53012,0.826838,3.12504,2.01291
511,1.75279e+09,142.786,4.55664,0.827626,3.12222,2.05509
512,1.75279e+09,141.701,4.554,0.826681,3.13351,2.11394
513,1.75279e+09,140.804,4.55164,0.82679,3.13905,2.15592
514,1.75279e+09,139.584,4.56934,0.827863,3.12532,2.19549
515,1.75279e+09,138.485,4.66095,0.825339,3.08339,1.99589
516,1.75279e+09,137.563,4.73127,0.824178,3.08111,1.72805
517,1.75279e+09,136.785,4.74904,0.82339,3.09891,1.52556
518,1.75279e+09,136.124,4.7529,0.822866,3.11244,1.35674
519,1.75279e+09,135.422,4.747,0.82257,3.1276,1.16305
520,1.75279e+09,134.861,4.73403,0.82253,3.14026,1.00021
521,1.75279e+09,134.432,4.71926,0.822525,-3.13281,0.862363
522,1.75279e+09,134.047,4.70232,0.82242,-3.12363,0.75014
523,1.75279e+09,133.694,4.69428,0.822865,-3.12361,0.611323
524,1.75279e+09,133.336,4.68977,0.823789,-3.12472,0.76077
525,1.75279e+09,132.951,4.68473,0.823652,-3.1262,0.759132
526,1.75279e+09,132.605,4.68072,0.822903,-3.12739,0.750345
527,1.75279e+09,132.194,4.67637,0.823377,-3.12831,0.773849
528,1.75279e+09,131.813,4.67277,0.824295,-3.12931,0.867484
529,1.75279e+09,131.304,4.66838,0.825744,-3.13022,1.01815
530,1.75279e+09,130.71,4.66387,0.82782,-3.13136,1.23957
531,1.75279e+09,130.056,4.65939,0.825877,-3.13231,1.30642
532,1.75279e+09,129.448,4.65594,0.823452,-3.13349,1.23506
533,1.75279e+09,128.855,4.68123,0.823947,3.12731,1.14216
534,1.75279e+09,128.304,4.73499,0.824854,3.09619,1.05797
535,1.75279e+09,127.783,4.83495,0.824163,3.04858,0.977503
536,1.75279e+09,127.344,4.96033,0.824006,2.9969,0.932716
537,1.75279e+09,126.892,5.12034,0.823862,2.93632,0.856438
538,1.75279e+09,126.538,5.27598,0.823345,2.88446,0.820006
539,1.75279e+09,126.184,5.45515,0.823056,2.83132,0.776879
540,1.75279e+09,125.858,5.64075,0.822861,2.78146,0.728512
541,1.75279e+09,125.545,5.83952,0.822744,2.73228,0.695679
542,1.75279e+09,125.267,6.03623,0.822867,2.6873,0.671598
543,1.75279e+09,124.988,6.25465,0.823665,2.63958,0.711199
544,1.75279e+09,124.731,6.47527,0.824242,2.59374,0.753252
545,1.75279e+09,124.424,6.7666,0.824383,2.5363,0.807795
546,1.75279e+09,124.161,7.04416,0.824392,2.48484,0.850497
547,1.75279e+09,123.892,7.35955,0.824384,2.42995,0.886474
548,1.75279e+09,123.588,7.76329,0.824577,2.36331,0.926339
549,1.75279e+09,123.331,8.15572,0.824561,2.30072,0.943349
550,1.75279e+09,123.11,8.54088,0.824664,2.2418,0.980332
551,1.75279e+09,122.874,9.01878,0.824547,2.17181,0.993848
552,1.75279e+09,122.696,9.44887,0.824814,2.11061,1.02225
553,1.75279e+09,122.517,9.97593,0.824742,2.03717,1.04387
554,1.75279e+09,122.385,10.4849,0.824845,1.96811,1.05512
555,1.75279e+09,122.286,11.0098,0.824825,1.89775,1.07407
556,1.75279e+09,122.226,11.5271,0.824965,1.82955,1.09582
557,1.75279e+09,122.2,12.0749,0.824872,1.75742,1.10176
558,1.75279e+09,122.216,12.6524,0.824919,1.6816,1.11953
559,1.75279e+09,122.247,13.2156,0.824235,1.62948,1.14059
560,1.75279e+09,122.218,13.7898,0.82435,1.62717,1.1531
561,1.75279e+09,122.204,14.3713,0.824006,1.61518,1.17522
562,1.75279e+09,122.189,14.9609,0.824035,1.608,1.18506
563,1.75279e+09,122.179,15.5345,0.824089,1.60099,1.20143
564,1.75279e+09,122.172,16.139,0.824075,1.59351,1.21427
565,1.75279e+09,122.17,16.7748,0.824099,1.58576,1.2288
566,1.75279e+09,122.173,17.3921,0.824095,1.57845,1.23972
567,1.75279e+09,122.18,17.9891,0.824069,1.5712,1.24828
568,1.75279e+09,122.192,18.6152,0.824083,1.56352,1.25595
569,1.75279e+09,122.209,19.2707,0.824087,1.55545,1.26589
570,1.75279e+09,122.23,19.8795,0.824086,1.54796,1.27275
571,1.75279e+09,122.258,20.5422,0.824073,1.53977,1.27426
572,1.75279e+09,122.29,21.1619,0.824001,1.53225,1.27761
573,1.75279e+09,122.325,21.7841,0.82311,1.5247,1.22279
574,1.75279e+09,122.365,22.3811,0.823036,1.51626,1.18275
575,1.75279e+09,122.409,22.9784,0.822911,1.50963,1.13332
576,1.75279e+09,122.452,23.5142,0.822927,1.50283,1.12395
577,1.75279e+09,122.502,24.0801,0.822917,1.49686,1.06231
578,1.75279e+09,122.55,24.5941,0.822611,1.49054,0.992402
579,1.75279e+09,122.579,25.0517,0.822544,1.49558,0.913467
580,1.75279e+09,122.609,25.4907,0.822349,1.49703,0.854367
581,1.75279e+09,122.636,25.8974,0.822299,1.49897,0.776132
582,1.75279e+09,122.663,26.3093,0.823995,1.50045,0.853604
583,1.75279e+09,122.691,26.7444,0.82309,1.50229,0.829082
584,1.75279e+09,122.715,27.1282,0.822585,1.50371,0.807462
585,1.75279e+09,122.739,27.5197,0.823072,1.50505,0.837724
586,1.75279e+09,122.766,27.9704,0.824179,1.50712,0.903963
587,1.75279e+09,122.79,28.4457,0.824413,1.51174,0.933079
588,1.75279e+09,122.807,28.9058,0.822928,1.51709,0.855796
589,1.75279e+09,122.826,29.3646,0.824941,1.52045,1.03475
590,1.75279e+09,122.845,29.917,0.825191,1.52509,1.08503
591,1.75279e+09,122.848,30.438,0.823389,1.53817,0.999077
592,1.75279e+09,122.86,30.9286,0.822652,1.53951,0.970103
593,1.75279e+09,122.876,31.4748,0.825398,1.54115,1.13354
594,1.75279e+09,122.893,32.0809,0.825385,1.54208,1.24977
595,1.75279e+09,122.908,32.6828,0.824198,1.54308,1.22614
596,1.75279e+09,122.926,33.3908,0.827008,1.54404,1.43173
597,1.75279e+09,122.945,34.2083,0.832431,1.54488,1.94545
598,1.75279e+09,122.964,35.1824,0.829749,1.5493,1.98697
599,1.75279e+09,122.974,36.1331,0.824298,1.5554,1.82741
600,1.75279e+09,122.979,37.0532,0.823201,1.56073,1.72542
601,1.75279e+09,122.979,37.8782,0.823848,1.56538,1.70416
602,1.75279e+09,122.975,38.7426,0.823399,1.57034,1.61786
603,1.75279e+09,122.969,39.4893,0.822668,1.57472,1.51072
604,1.75279e+09,122.959,40.2244,0.822777,1.579,1.44095
605,1.75279e+09,122.946,40.9549,0.822724,1.58324,1.36533
606,1.75279e+09,122.931,41.6193,0.822755,1.58708,1.2969
607,1.75279e+09,122.915,42.2588,0.822969,1.59074,1.26098
608,1.75279e+09,122.898,42.8569,0.823052,1.59328,1.22486
609,1.75279e+09,122.878,43.4819,0.822987,1.59606,1.17922
610,1.75279e+09,122.859,44.0567,0.822924,1.5994,1.13746
611,1.75279e+09,122.838,44.6107,0.822867,1.60177,1.1036
612,1.75279e+09,122.816,45.1559,0.823142,1.60503,1.06549
613,1.75279e+09,122.793,45.6899,0.82329,1.60791,1.06365
614,1.75279e+09,122.767,46.2469,0.825533,1.61105,1.19116
615,1.75279e+09,122.73,46.7979,0.824317,1.62374,1.09872
616,1.75279e+09,122.596,47.319,0.825784,1.69065,0.984914
617,1.75279e+09,122.441,47.7652,0.824169,1.75371,0.90526
618,1.75279e+09,122.281,48.1507,0.823411,1.80938,0.840328
619,1.75279e+09,122.1,48.5249,0.822881,1.86535,0.76075
620,1.75279e+09,121.915,48.8627,0.823307,1.91659,0.771611
621,1.75279e+09,121.71,49.1916,0.823748,1.96893,0.789788
622,1.75279e+09,121.496,49.5002,0.823714,2.01938,0.782282
623,1.75279e+09,121.252,49.8151,0.823311,2.07337,0.75143
624,1.75279e+09,121.018,50.089,0.823297,2.12134,0.755323
625,1.75279e+09,120.752,50.3691,0.823284,2.1731,0.73928
626,1.75279e+09,120.49,50.6198,0.823187,2.22143,0.732685
627,1.75279e+09,120.219,50.8547,0.823257,2.26998,0.722737
628,1.75279e+09,119.938,51.0749,0.823431,2.3176,0.73258
629,1.75279e+09,119.64,51.2863,0.823736,2.36654,0.747995
630,1.75279e+09,119.262,51.5238,0.826643,2.42687,0.975855
631,1.75279e+09,118.849,51.7529,0.825202,2.48831,0.990216
632,1.75279e+09,118.384,51.9733,0.824573,2.55618,0.999189
633,1.75279e+09,117.92,52.1566,0.824485,2.62147,1.00267
634,1.75279e+09,117.46,52.3047,0.824486,2.68511,1.00525
635,1.75279e+09,116.967,52.4284,0.82454,2.75185,1.01268
636,1.75279e+09,116.464,52.5193,0.824528,2.81873,1.02754
637,1.75279e+09,115.933,52.5786,0.824599,2.88906,1.03393
638,1.75279e+09,115.437,52.5997,0.824591,2.95461,1.04043
639,1.75279e+09,114.894,52.5991,0.82401,3.01408,1.0497
640,1.75279e+09,114.406,52.6455,0.824186,3.02241,1.06571
641,1.75279e+09,113.873,52.6936,0.823815,3.03308,1.07858
642,1.75279e+09,113.292,52.7355,0.824299,3.04726,1.08556
643,1.75279e+09,112.815,52.7674,0.823689,3.05417,1.08468
644,1.75279e+09,112.254,52.7543,0.824345,3.09499,1.07753
645,1.75279e+09,111.711,52.7721,0.823894,3.0959,1.08906
646,1.75279e+09,111.119,52.7984,0.823784,3.09687,1.09744
647,1.75279e+09,110.634,52.8,0.823713,3.10958,1.1034
648,1.75279e+09,110.036,52.7979,0.82409,3.12331,1.11331
649,1.75279e+09,109.458,52.8034,0.823744,3.12562,1.11944
650,1.75279e+09,108.897,52.809,0.823789,3.12699,1.12102
651,1.75279e+09,108.356,52.8134,0.823748,3.12905,1.12918
652,1.75279e+09,107.812,52.8169,0.823784,3.13089,1.13857
653,1.75279e+09,107.242,52.819,0.823737,3.13362,1.14074
654,1.75279e+09,106.647,52.82,0.823747,3.13563,1.14434
655,1.75279e+09,106.073,52.8197,0.823792,3.13791,1.15166
656,1.75279e+09,105.497,52.818,0.82376,3.14024,1.15428
657,1.75279e+09,104.919,52.8151,0.823793,-3.14073,1.15988
658,1.75279e+09,104.316,52.8107,0.823808,-3.13838,1.1619
659,1.75279e+09,103.804,52.8057,0.82381,-3.13631,1.16805
660,1.75279e+09,103.198,52.7986,0.823798,-3.13381,1.16837
661,1.75279e+09,102.637,52.7906,0.823762,-3.13153,1.16888
662,1.75279e+09,102.051,52.7809,0.823802,-3.12913,1.16989
663,1.75279e+09,101.441,52.7693,0.823784,-3.12672,1.17603
664,1.75279e+09,100.877,52.7572,0.823774,-3.12442,1.17665
665,1.75279e+09,100.241,52.7421,0.823794,-3.12189,1.18129
666,1.75279e+09,99.6512,52.7267,0.82377,-3.1195,1.17936
667,1.75279e+09,99.0609,52.7098,0.823762,-3.11707,1.17932
668,1.75279e+09,98.5171,52.693,0.823793,-3.11492,1.18377
669,1.75279e+09,97.9492,52.6741,0.823786,-3.11261,1.18467
670,1.75279e+09,97.3336,52.6522,0.823785,-3.11009,1.18807
671,1.75279e+09,96.6937,52.6278,0.823771,-3.10754,1.18599
672,1.75279e+09,96.1006,52.6037,0.823786,-3.10512,1.18929
673,1.75279e+09,95.4834,52.5772,0.823779,-3.10259,1.18938
674,1.75279e+09,94.9371,52.5523,0.823792,-3.1004,1.186
675,1.75279e+09,94.3192,52.5228,0.82382,-3.0979,1.19225
676,1.75279e+09,93.725,52.4929,0.823792,-3.09542,1.19173
677,1.75279e+09,93.1306,52.4616,0.823771,-3.09297,1.18831
678,1.75279e+09,92.5122,52.4274,0.823787,-3.09055,1.1889
679,1.75279e+09,91.9412,52.3945,0.823791,-3.08832,1.19213
680,1.75279e+09,91.3938,52.3618,0.823799,-3.08611,1.1923
681,1.75279e+09,90.775,52.3234,0.823784,-3.08357,1.19259
682,1.75279e+09,90.1556,52.2834,0.823784,-3.08114,1.19453
683,1.75279e+09,89.5365,52.2459,0.824138,-3.08219,1.18657
684,1.75279e+09,88.9661,52.2131,0.823732,-3.08244,1.18963
685,1.75279e+09,88.372,52.1824,0.823959,-3.08592,1.18477
686,1.75279e+09,87.7548,52.1524,0.823757,-3.08835,1.19116
687,1.75279e+09,87.2085,52.1267,0.823771,-3.09051,1.18996
688,1.75279e+09,86.6142,52.1,0.823793,-3.09286,1.19132
689,1.75279e+09,86.0433,52.0758,0.823774,-3.09502,1.18953
690,1.75279e+09,85.4245,52.0508,0.823768,-3.09738,1.18917
691,1.75279e+09,84.8055,52.0274,0.82378,-3.09981,1.19256
692,1.75279e+09,84.1863,52.0054,0.823776,-3.10226,1.19129
693,1.75279e+09,83.6381,51.9873,0.823783,-3.10444,1.19289
694,1.75279e+09,82.9944,51.9674,0.823786,-3.1069,1.19516
695,1.75279e+09,82.4457,51.9518,0.8238,-3.10901,1.19606
696,1.75279e+09,81.8493,51.9361,0.823777,-3.11129,1.19389
697,1.75279e+09,81.2527,51.9217,0.823782,-3.11359,1.19138
698,1.75279e+09,80.6318,51.9083,0.82378,-3.11605,1.1948
699,1.75279e+09,80.0347,51.8968,0.823802,-3.11839,1.19712
700,1.75279e+09,79.4612,51.8871,0.823786,-3.12056,1.19244
701,1.75279e+09,78.864,51.8783,0.823774,-3.12291,1.19478
702,1.75279e+09,78.2189,51.8703,0.82377,-3.12539,1.19224
703,1.75279e+09,77.6692,51.8648,0.823784,-3.12751,1.19572
704,1.75279e+09,77.0478,51.86,0.823791,-3.12994,1.19805
705,1.75279e+09,76.4742,51.8569,0.823783,-3.13216,1.1955
706,1.75279e+09,75.8527,51.8549,0.823785,-3.13461,1.19617
707,1.75279e+09,75.255,51.8545,0.823781,-3.13691,1.1954
708,1.75279e+09,74.681,51.8554,0.823793,-3.13916,1.19471
709,1.75279e+09,74.0351,51.858,0.823781,3.14156,1.19526
710,1.75279e+09,73.4611,51.8616,0.823774,3.13937,1.19598
711,1.75279e+09,72.839,51.8669,0.823789,3.13699,1.19798
712,1.75279e+09,72.2412,51.8734,0.82378,3.13465,1.19619
713,1.75279e+09,71.6911,51.8806,0.823783,3.13251,1.19626
714,1.75279e+09,71.0693,51.8902,0.823784,3.13013,1.19591
715,1.75279e+09,70.4714,51.9008,0.823779,3.12777,1.19642
716,1.75279e+09,69.8732,51.9128,0.823804,3.12554,1.19974
717,1.75279e+09,69.2991,51.9256,0.823786,3.12329,1.19549
718,1.75279e+09,68.6532,51.9415,0.823771,3.12087,1.19479
719,1.75279e+09,68.0792,51.957,0.823779,3.1187,1.19604
720,1.75279e+09,67.4573,51.9752,0.823802,3.11631,1.19647
721,1.75279e+09,66.8592,51.9941,0.823776,3.11396,1.19694
722,1.75279e+09,66.3092,52.0127,0.823779,3.11182,1.19641
723,1.75279e+09,65.6636,52.036,0.823796,3.10935,1.19804
724,1.75279e+09,65.1135,52.0572,0.823779,3.10716,1.19373
725,1.75279e+09,64.5156,52.0815,0.823826,3.10484,1.20257
726,1.75279e+09,63.8789,52.109,0.824198,3.10235,1.23211
727,1.75279e+09,63.2621,52.1372,0.824072,3.0999,1.2382
728,1.75279e+09,62.6677,52.1605,0.824373,3.10233,1.23744
729,1.75279e+09,61.9978,52.1641,0.824091,3.11635,1.24512
730,1.75279e+09,61.3989,52.1596,0.823981,3.1285,1.24995
731,1.75279e+09,60.8048,52.1485,0.823496,3.14056,1.20148
732,1.75279e+09,60.2075,52.1301,0.823446,-3.1309,1.20477
733,1.75279e+09,59.6232,52.1116,0.823145,-3.12496,1.12736
734,1.75279e+09,59.0556,52.109,0.822845,-3.12942,1.0602
735,1.75279e+09,58.5214,52.119,0.822858,-3.13999,1.02714
736,1.75279e+09,58.0029,52.1348,0.823477,3.13328,1.04139
737,1.75279e+09,57.5226,52.1529,0.823684,3.12465,1.05826
738,1.75279e+09,56.9522,52.1798,0.823627,3.11369,1.06551
739,1.75279e+09,56.4612,52.208,0.823633,3.10445,1.07069
740,1.75279e+09,55.9031,52.2246,0.823897,3.10854,1.07524
741,1.75279e+09,55.3371,52.2246,0.823991,3.11928,1.08806
742,1.75279e+09,54.8382,52.2197,0.823501,3.1296,1.08876
743,1.75279e+09,54.2726,52.2292,0.823209,3.12577,1.01132
744,1.75279e+09,53.8036,52.2486,0.822626,3.11863,0.957514
745,1.75279e+09,53.2973,52.2733,0.823509,3.11138,0.990328
746,1.75279e+09,52.8055,52.3,0.823251,3.10379,0.97624
747,1.75279e+09,52.3192,52.3299,0.82317,3.09649,0.970745
748,1.75279e+09,51.8062,52.3657,0.824599,3.08795,1.06433
749,1.75279e+09,51.3192,52.4033,0.823148,3.08082,0.977346
750,1.75279e+09,50.8621,52.402,0.825038,3.10476,0.862476
751,1.75279e+09,50.4467,52.3296,0.824166,-3.1232,0.775603
752,1.75279e+09,50.0888,52.2465,0.823056,-3.07453,0.699514
753,1.75279e+09,49.7414,52.148,0.823839,-3.026,0.752433
754,1.75279e+09,49.3977,52.0318,0.824845,-2.97711,0.861112
755,1.75279e+09,48.9632,51.8596,0.824723,-2.91434,0.881237
756,1.75279e+09,48.5672,51.6752,0.823968,-2.85563,0.892436
757,1.75279e+09,48.1651,51.4574,0.824577,-2.79525,0.933272
758,1.75279e+09,47.7941,51.2272,0.824595,-2.73678,0.966076
759,1.75279e+09,47.3781,50.9318,0.824272,-2.66878,0.966107
760,1.75279e+09,47.0143,50.6356,0.824818,-2.60674,1.00964
761,1.75279e+09,46.6371,50.2864,0.824621,-2.53863,1.00629
762,1.75279e+09,46.303,49.9311,0.824591,-2.47298,1.02062
763,1.75279e+09,45.971,49.5262,0.824172,-2.40308,0.998249
764,1.75279e+09,45.6796,49.117,0.824625,-2.33644,1.0294
765,1.75279e+09,45.4084,48.679,0.824982,-2.26872,1.05782
766,1.75279e+09,45.1644,48.2158,0.82447,-2.19925,1.02873
767,1.75279e+09,44.9485,47.7241,0.824899,-2.12826,1.05688
768,1.75279e+09,44.7767,47.2484,0.824453,-2.06224,1.04391
769,1.75279e+09,44.6399,46.7757,0.825065,-1.99759,1.09415
770,1.75279e+09,44.5187,46.2087,0.825451,-1.9212,1.14443
771,1.75279e+09,44.4363,45.5999,0.825109,-1.84028,1.15212
772,1.75279e+09,44.4052,45.0627,0.824779,-1.77011,1.11855
773,1.75279e+09,44.4119,44.5451,0.825005,-1.70238,1.12678
774,1.75279e+09,44.4693,43.8992,0.82562,-1.61661,1.17485
775,1.75279e+09,44.5145,43.3629,0.823426,-1.58063,1.07206
776,1.75279e+09,44.5212,42.8679,0.822738,-1.57269,0.981497
777,1.75279e+09,44.5295,42.4168,0.822392,-1.56552,0.90901
778,1.75279e+09,44.5407,42.0019,0.822332,-1.5589,0.872953
779,1.75279e+09,44.5613,41.4257,0.824405,-1.55011,1.00486
780,1.75279e+09,44.5813,40.9677,0.823399,-1.54353,0.989048
781,1.75279e+09,44.6044,40.4428,0.823427,-1.53874,0.961789
782,1.75279e+09,44.604,39.9704,0.823224,-1.54867,0.937175
783,1.75279e+09,44.5997,39.5265,0.823022,-1.55721,0.915178
784,1.75279e+09,44.6023,39.0548,0.822947,-1.55956,0.901105
785,1.75279e+09,44.605,38.6274,0.823099,-1.56139,0.880527
786,1.75279e+09,44.5971,38.1889,0.822954,-1.56909,0.875581
787,1.75279e+09,44.5861,37.7314,0.823579,-1.57583,0.909973
788,1.75279e+09,44.5742,37.3303,0.823839,-1.5828,0.933138
789,1.75279e+09,44.5556,36.8295,0.824344,-1.59083,0.985682
790,1.75279e+09,44.5318,36.3009,0.823639,-1.59893,0.97443
791,1.75279e+09,44.523,35.8888,0.822892,-1.59656,0.920461
792,1.75279e+09,44.5137,35.3952,0.822447,-1.59463,0.866879
793,1.75279e+09,44.5063,34.9524,0.823301,-1.59263,0.889387
794,1.75279e+09,44.4995,34.527,0.823224,-1.59083,0.88487
795,1.75279e+09,44.493,34.0599,0.823639,-1.58863,0.908503
796,1.75279e+09,44.4878,33.6243,0.823269,-1.58673,0.917335
797,1.75279e+09,44.483,33.1296,0.824868,-1.58484,1.01133
798,1.75279e+09,44.479,32.6597,0.823367,-1.58346,0.950426
799,1.75279e+09,44.4759,32.1951,0.822817,-1.58154,0.940988
800,1.75279e+09,44.4733,31.6699,0.825257,-1.58034,1.08967
801,1.75279e+09,44.4714,31.0777,0.828198,-1.57782,1.3918
802,1.75279e+09,44.4707,30.3494,0.826976,-1.57578,1.44926
803,1.75279e+09,44.4717,29.5203,0.82956,-1.57336,1.7434
804,1.75279e+09,44.4743,28.7441,0.825168,-1.57044,1.63173
805,1.75279e+09,44.4796,27.9285,0.822978,-1.56734,1.51217
806,1.75279e+09,44.4863,27.2274,0.822579,-1.56466,1.43402
807,1.75279e+09,44.4957,26.4797,0.823781,-1.56197,1.43386
808,1.75279e+09,44.5053,25.829,0.823723,-1.55957,1.41056
809,1.75279e+09,44.5186,25.0627,0.824369,-1.55686,1.43239
810,1.75279e+09,44.5326,24.3568,0.82375,-1.55427,1.3932
811,1.75279e+09,44.5484,23.6559,0.823975,-1.55174,1.38655
812,1.75279e+09,44.5659,22.9593,0.827111,-1.54958,1.59887
813,1.75279e+09,44.5912,22.0391,0.82756,-1.54665,1.73499
814,1.75279e+09,44.615,21.2518,0.825027,-1.54379,1.66957
815,1.75279e+09,44.6426,20.4238,0.82429,-1.54079,1.64964
816,1.75279e+09,44.6736,19.5706,0.824387,-1.53773,1.63507
817,1.75279e+09,44.7042,18.7894,0.824413,-1.53493,1.62287
818,1.75279e+09,44.7382,17.9817,0.824419,-1.53203,1.61132
819,1.75279e+09,44.7743,17.1797,0.82442,-1.52914,1.60084
820,1.75279e+09,44.8124,16.3827,0.824419,-1.52628,1.59133
821,1.75279e+09,44.8542,15.5587,0.824418,-1.5233,1.58238
822,1.75279e+09,44.8966,14.7707,0.824417,-1.52042,1.57459
823,1.75279e+09,44.9212,14.019,0.824418,-1.52899,1.56335
824,1.75279e+09,44.9462,13.2083,0.824378,-1.53394,1.55972
825,1.75279e+09,44.9667,12.4435,0.823516,-1.53867,1.48277
826,1.75279e+09,44.9833,11.6833,0.823615,-1.54339,1.45692
827,1.75279e+09,44.9954,10.987,0.823946,-1.5477,1.44575
828,1.75279e+09,45.0047,10.267,0.824038,-1.55214,1.43522
829,1.75279e+09,45.0105,9.60895,0.82406,-1.55618,1.42634
830,1.75279e+09,44.9437,8.91347,0.82794,-1.61174,1.3719
831,1.75279e+09,44.7528,8.20403,0.827475,-1.70982,1.35078
832,1.75279e+09,44.5072,7.55104,0.826686,-1.80293,1.33439
833,1.75279e+09,44.2185,6.95383,0.826363,-1.89145,1.32046
834,1.75279e+09,43.8962,6.41172,0.826208,-1.97559,1.30997
835,1.75279e+09,43.5166,5.88207,0.826113,-2.0625,1.30012
836,1.75279e+09,43.078,5.37231,0.826049,-2.15198,1.28721
837,1.75279e+09,42.6545,4.95802,0.826114,-2.22976,1.27899
838,1.75279e+09,42.1433,4.53387,0.825971,-2.31767,1.28062
839,1.75279e+09,41.6008,4.15859,0.825715,-2.40506,1.26317
840,1.75279e+09,41.0538,3.84496,0.825758,-2.489,1.25644
841,1.75279e+09,40.5071,3.58938,0.825886,-2.56867,1.25101
842,1.75279e+09,39.9211,3.3713,0.825736,-2.65151,1.24997
843,1.75279e+09,39.3456,3.20843,0.825654,-2.731,1.24917
844,1.75279e+09,38.7112,3.08486,0.825641,-2.81642,1.23976
845,1.75279e+09,38.1193,3.0195,0.825588,-2.89486,1.24054
846,1.75279e+09,37.5015,3.00064,0.825546,-2.97658,1.23755
847,1.75279e+09,36.8358,3.03736,0.825722,-3.06418,1.23638
848,1.75279e+09,36.2508,3.11826,0.825537,3.141,1.23418
849,1.75279e+09,35.6372,3.19865,0.824558,3.09858,1.24496
850,1.75279e+09,35.0136,3.24663,0.824091,3.08467,1.25476
851,1.75279e+09,34.4378,3.2994,0.824049,3.07172,1.25969
852,1.75279e+09,33.7336,3.37416,0.824054,3.05583,1.26734
853,1.75279e+09,33.1349,3.44645,0.823572,3.04247,1.23533
854,1.75279e+09,32.5576,3.5238,0.823247,3.03032,1.197
855,1.75279e+09,31.9779,3.60893,0.823107,3.01882,1.14499
856,1.75279e+09,31.3964,3.69289,0.823231,3.01338,1.10207
857,1.75279e+09,30.8336,3.75907,0.823347,3.01811,1.07547
858,1.75279e+09,30.3505,3.8087,0.822908,3.02364,1.0462
859,1.75279e+09,29.7989,3.86385,0.823204,3.03048,1.01961
860,1.75279e+09,29.3191,3.90564,0.823067,3.03751,0.993098
861,1.75279e+09,28.8339,3.94209,0.82299,3.04756,0.969799
862,1.75279e+09,28.36,3.97643,0.822958,3.05326,0.938733
863,1.75279e+09,27.8975,3.99687,0.823223,3.06765,0.91042
864,1.75279e+09,27.4457,4.01308,0.822862,3.0782,0.904338
865,1.75279e+09,26.9189,4.03073,0.828452,3.08765,1.25256
866,1.75279e+09,26.3014,4.04617,0.825278,3.09761,1.20153
867,1.75279e+09,25.6909,4.05583,0.823355,3.10767,1.15106
868,1.75279e+09,25.1513,4.05958,0.823056,3.11816,1.12421
869,1.75279e+09,24.5908,4.05758,0.823443,3.12779,1.12478
870,1.75279e+09,24.0473,4.05052,0.823783,3.13817,1.13383
871,1.75279e+09,23.4558,4.03692,0.823689,-3.13524,1.11574
872,1.75279e+09,22.9088,4.0189,0.823008,-3.1254,1.06052
873,1.75279e+09,22.3921,3.99664,0.82343,-3.11627,1.0874
874,1.75279e+09,21.8373,3.96757,0.823223,-3.10575,1.05087
875,1.75279e+09,21.3313,3.936,0.823355,-3.09733,1.04867
876,1.75279e+09,20.7677,3.89612,0.823539,-3.08835,1.05481
877,1.75279e+09,20.2551,3.86621,0.824209,-3.08935,1.066
878,1.75279e+09,19.7597,3.85514,0.823882,-3.09785,1.08152
879,1.75279e+09,19.1594,3.84535,0.824879,-3.10673,1.17405
880,1.75279e+09,18.5764,3.84043,0.823967,-3.11653,1.14326
881,1.75279e+09,17.9776,3.84148,0.824452,-3.12574,1.19969
882,1.75279e+09,17.4118,3.84784,0.823758,-3.13601,1.1593
883,1.75279e+09,16.8318,3.85997,0.823544,3.13759,1.14842
884,1.75279e+09,16.3133,3.87597,0.823309,3.12818,1.12439
885,1.75279e+09,15.6813,3.90164,0.824121,3.11765,1.15756
886,1.75279e+09,15.1323,3.92927,0.823583,3.10783,1.13404
887,1.75279e+09,14.5674,3.9424,0.822958,3.11164,1.05872
888,1.75279e+09,14.0506,3.94497,0.822798,3.11982,1.00758
889,1.75279e+09,13.5806,3.94298,0.822536,3.12739,0.954766
890,1.75279e+09,13.1167,3.93787,0.822519,3.13451,0.918203
891,1.75279e+09,12.6273,3.92839,0.823311,-3.14082,0.940614
892,1.75279e+09,12.1681,3.91672,0.823752,-3.13384,0.972311
893,1.75279e+09,11.6651,3.90017,0.824633,-3.12616,1.04566
894,1.75279e+09,11.1335,3.87846,0.82443,-3.11734,1.06963
895,1.75279e+09,10.6298,3.85386,0.823599,-3.10964,1.03817
896,1.75279e+09,10.0891,3.82307,0.82347,-3.10146,1.03868
897,1.75279e+09,9.61447,3.80629,0.822971,-3.10424,0.958489
898,1.75279e+09,9.11161,3.80254,0.82291,-3.11377,0.931174
899,1.75279e+09,8.67465,3.80278,0.822763,-3.12132,0.901359
900,1.75279e+09,8.22358,3.80627,0.823016,-3.12941,0.879171
901,1.75279e+09,7.80367,3.79335,0.82268,-3.12365,0.803546
902,1.75279e+09,7.39146,3.77708,0.823223,-3.11805,0.871661
903,1.75279e+09,6.92733,3.75678,0.824388,-3.11207,0.933401
904,1.75279e+09,6.46323,3.7341,0.823664,-3.10635,0.937738
905,1.75279e+09,6.00807,3.70925,0.823997,-3.10117,0.963906
906,1.75279e+09,5.51966,3.68004,0.823779,-3.09565,0.960164
907,1.75279e+09,5.01646,3.64683,0.823325,-3.08944,0.970452
908,1.75279e+09,4.55412,3.61341,0.823159,-3.08274,0.943716
909,1.75279e+09,4.0546,3.57395,0.823442,-3.07671,0.968615
910,1.75279e+09,3.57385,3.53325,0.823451,-3.07112,0.975016
911,1.75279e+09,3.07191,3.48777,0.823347,-3.06465,0.963781
912,1.75279e+09,2.60136,3.44199,0.823209,-3.05774,0.955404
913,1.75279e+09,2.13127,3.39303,0.823142,-3.05165,0.938141
914,1.75279e+09,1.67857,3.34331,0.823701,-3.04607,0.971704
915,1.75279e+09,1.20664,3.28877,0.823044,-3.04034,0.934488
916,1.75279e+09,0.766295,3.23516,0.822793,-3.03434,0.911096
917,1.75279e+09,0.308376,3.17705,0.822535,-3.02923,0.852798
918,1.75279e+09,-0.1233,3.12172,0.82319,-3.02584,0.868532
919,1.75279e+09,-0.561864,3.08185,0.823458,-3.03315,0.882354
920,1.75279e+09,-1.00585,3.04628,0.823562,-3.04155,0.89956
921,1.75279e+09,-1.45622,3.01584,0.823468,-3.05058,0.907628
922,1.75279e+09,-1.91157,2.98195,0.823485,-3.05446,0.925985
923,1.75279e+09,-2.39042,2.94504,0.8234,-3.05774,0.931684
924,1.75279e+09,-2.83685,2.91649,0.823493,-3.06366,0.930285
925,1.75279e+09,-3.30453,2.88829,0.823441,-3.06875,0.929117
926,1.75279e+09,-3.76783,2.8605,0.822994,-3.07247,0.90803
927,1.75279e+09,-4.19897,2.83611,0.822927,-3.07583,0.903167
928,1.75279e+09,-4.68903,2.81025,0.823272,-3.08001,0.916323
929,1.75279e+09,-5.14099,2.78815,0.823326,-3.0835,0.910989
930,1.75279e+09,-5.56971,2.76851,0.824534,-3.08645,0.992448
931,1.75279e+09,-6.06836,2.74731,0.825031,-3.09022,1.09815
932,1.75279e+09,-6.80825,2.71941,0.831055,-3.09616,1.55429
933,1.75279e+09,-7.57242,2.69484,0.825782,-3.1024,1.50691
934,1.75279e+09,-8.32303,2.67538,0.8253,-3.10839,1.57692
935,1.75279e+09,-9.21309,2.65872,0.831425,-3.1154,1.98573
936,1.75279e+09,-10.2441,2.65593,0.826028,-3.13147,1.84448
937,1.75279e+09,-11.1008,2.67663,0.823943,3.13458,1.72727
938,1.75279e+09,-11.9357,2.72211,0.823284,3.11385,1.62719
939,1.75279e+09,-12.6939,2.757,0.823227,3.10371,1.53833
940,1.75279e+09,-13.4994,2.80356,0.822784,3.09476,1.45463
941,1.75279e+09,-14.2055,2.85462,0.823169,3.08224,1.38171
942,1.75279e+09,-14.8758,2.91828,0.823027,3.06739,1.31582
943,1.75279e+09,-15.4652,2.98252,0.822986,3.05434,1.26084
944,1.75279e+09,-16.1263,3.06372,0.82296,3.04037,1.2112
945,1.75279e+09,-16.6897,3.14029,0.822966,3.02923,1.15548
946,1.75279e+09,-17.2555,3.21768,0.822952,3.02148,1.13951
947,1.75279e+09,-17.8456,3.30222,0.825412,3.0131,1.29362
948,1.75279e+09,-18.6179,3.4201,0.833313,3.00284,1.83161
949,1.75279e+09,-19.4767,3.51427,0.827759,3.01842,1.76193
950,1.75279e+09,-20.3698,3.62103,0.824338,3.01921,1.69686
951,1.75279e+09,-21.1957,3.72208,0.823755,3.01942,1.64092
952,1.75279e+09,-21.9692,3.81659,0.823645,3.01961,1.5974
953,1.75279e+09,-22.7609,3.89117,0.824323,3.03396,1.58764
954,1.75279e+09,-23.5812,3.95554,0.824214,3.04816,1.57201
955,1.75279e+09,-24.3502,4.00587,0.823545,3.06164,1.50872
956,1.75279e+09,-25.0916,4.04426,0.82345,3.07464,1.4524
957,1.75279e+09,-25.8154,4.07292,0.822644,3.08718,1.33286
958,1.75279e+09,-26.4273,4.08977,0.822369,3.09727,1.22728
959,1.75279e+09,-27.0356,4.09991,0.822295,3.10709,1.12013
960,1.75279e+09,-27.5705,4.10343,0.822268,3.11693,1.01821
961,1.75279e+09,-28.0428,4.10191,0.822278,3.12575,0.945518
962,1.75279e+09,-28.4988,4.09614,0.823042,3.13356,0.960974
963,1.75279e+09,-29.0077,4.08605,0.823159,-3.14117,0.957217
964,1.75279e+09,-29.5395,4.07096,0.826618,-3.13184,1.21151
965,1.75279e+09,-30.2046,4.0452,0.829081,-3.12057,1.47639
966,1.75279e+09,-30.9524,4.02429,0.825237,-3.11917,1.37601
967,1.75279e+09,-31.6176,4.01241,0.823055,-3.12063,1.30323
968,1.75279e+09,-32.2651,4.00169,0.823455,-3.12264,1.29257
969,1.75279e+09,-32.8969,3.99196,0.823402,-3.12411,1.25854
970,1.75279e+09,-33.5025,3.98345,0.823994,-3.12539,1.28636
971,1.75279e+09,-34.1923,3.97456,0.82764,-3.12632,1.53749
972,1.75279e+09,-34.9839,3.96531,0.82547,-3.12789,1.52434
973,1.75279e+09,-35.7022,3.95802,0.824031,-3.12941,1.47115
974,1.75279e+09,-36.4915,3.95126,0.824127,-3.13101,1.46344
975,1.75279e+09,-37.2071,3.94623,0.823391,-3.13255,1.40325
976,1.75279e+09,-37.8708,3.94254,0.823219,-3.13397,1.35121
977,1.75279e+09,-38.5333,3.93983,0.822985,-3.13539,1.29522
978,1.75279e+09,-39.1936,3.93833,0.822922,-3.13692,1.23523
979,1.75279e+09,-39.7909,3.9379,0.82249,-3.13888,1.16465
980,1.75279e+09,-40.3442,3.93829,0.822998,-3.13996,1.13944
981,1.75279e+09,-40.9133,3.93975,0.826243,3.14129,1.36716
982,1.75279e+09,-41.7764,3.94294,0.831044,3.14009,1.74311
983,1.75279e+09,-42.5969,3.94719,0.825807,3.13834,1.67015
984,1.75279e+09,-43.5814,3.95404,0.83101,3.137,2.08612
985,1.75279e+09,-44.578,3.96253,0.827073,3.13502,2.01024
986,1.75279e+09,-45.5815,3.97295,0.823713,3.13283,1.89188
987,1.75279e+09,-46.5762,3.98526,0.826017,3.13119,1.965
988,1.75279e+09,-47.5029,3.99846,0.824099,3.12911,1.87447
989,1.75279e+09,-48.4418,4.01368,0.822828,3.127,1.74446
990,1.75279e+09,-49.3052,4.02956,0.823378,3.12512,1.68174
991,1.75279e+09,-50.0809,4.04508,0.822606,3.12338,1.5586
992,1.75279e+09,-50.8567,4.04805,0.822627,3.13106,1.43214
993,1.75279e+09,-51.549,4.03823,0.822616,-3.14126,1.34421
994,1.75279e+09,-52.1943,4.02716,0.822521,-3.13583,1.26962
995,1.75279e+09,-52.9022,4.02149,0.830697,-3.13542,1.77144
996,1.75279e+09,-53.8942,4.01276,0.830999,-3.13431,2.0109
997,1.75279e+09,-54.8928,4.00258,0.82643,-3.13278,1.94623
998,1.75279e+09,-55.8129,3.99203,0.823336,-3.13127,1.75932
999,1.75279e+09,-56.6197,3.98157,0.822531,-3.12995,1.61124
1000,1.75279e+09,-57.3593,3.971,0.822336,-3.12873,1.48778
1001,1.75279e+09,-58.247,3.91641,0.831693,-3.09713,1.91717
1002,1.75279e+09,-59.1429,3.67145,0.832109,-2.97447,1.79677
1003,1.75279e+09,-59.9697,3.32159,0.830174,-2.8543,1.6698
1004,1.75279e+09,-60.6709,2.92612,0.828676,-2.74725,1.5607
1005,1.75279e+09,-61.2872,2.48918,0.827715,-2.6469,1.4684
1006,1.75279e+09,-61.8051,2.04134,0.827006,-2.55589,1.38879
1007,1.75279e+09,-62.2922,1.53179,0.826553,-2.46411,1.32203
1008,1.75279e+09,-62.6787,1.04894,0.825885,-2.38443,1.2591
1009,1.75279e+09,-63.0228,0.541306,0.825308,-2.30519,1.19876
1010,1.75279e+09,-63.3237,0.0132602,0.824941,-2.22604,1.14476
1011,1.75279e+09,-63.5455,-0.451823,0.824719,-2.15861,1.09491
1012,1.75279e+09,-63.7605,-0.993742,0.824291,-2.08506,1.07212
1013,1.75279e+09,-63.9901,-1.45983,0.824219,-2.0716,1.08391
1014,1.75279e+09,-64.2563,-1.95675,0.824656,-2.06789,1.1388
1015,1.75279e+09,-64.5126,-2.44298,0.82302,-2.06331,1.07391
1016,1.75279e+09,-64.7609,-2.93003,0.822894,-2.05565,1.03491
1017,1.75279e+09,-64.9454,-3.37448,0.823352,-2.02621,0.987652
1018,1.75279e+09,-65.0915,-3.84578,0.82499,-1.97538,0.930911
1019,1.75279e+09,-65.1872,-4.2684,0.824103,-1.92388,0.877441
1020,1.75279e+09,-65.2485,-4.69396,0.823692,-1.86661,0.849179
1021,1.75279e+09,-65.2843,-5.12467,0.823481,-1.80874,0.812432
1022,1.75279e+09,-65.2954,-5.50887,0.823287,-1.75766,0.792734
1023,1.75279e+09,-65.2852,-5.91277,0.823174,-1.70324,0.76764
1024,1.75279e+09,-65.2594,-6.2881,0.823048,-1.65531,0.741142
1025,1.75279e+09,-65.2732,-6.65917,0.823362,-1.64693,0.735936
1026,1.75279e+09,-65.3003,-7.02792,0.822919,-1.64534,0.724
1027,1.75279e+09,-65.3237,-7.36308,0.82245,-1.64341,0.674207
1028,1.75279e+09,-65.3463,-7.69755,0.822314,-1.64225,0.62273
1029,1.75279e+09,-65.3679,-8.02481,0.822798,-1.6415,0.657371
1030,1.75279e+09,-65.3884,-8.34098,0.822877,-1.64077,0.66393
1031,1.75279e+09,-65.4105,-8.68599,0.822809,-1.63934,0.661184
1032,1.75279e+09,-65.4323,-9.0317,0.823344,-1.63819,0.698008
1033,1.75279e+09,-65.4529,-9.36601,0.822913,-1.63707,0.697227
1034,1.75279e+09,-65.4736,-9.70799,0.822428,-1.63568,0.630907
1035,1.75279e+09,-65.4905,-9.99477,0.822302,-1.6347,0.581837
1036,1.75279e+09,-65.507,-10.2782,0.822268,-1.6337,0.521092
1037,1.75279e+09,-65.5211,-10.5256,0.822261,-1.63283,0.476969
1038,1.75279e+09,-65.5333,-10.7415,0.822257,-1.63204,0.436749
1039,1.75279e+09,-65.5451,-10.9542,0.82225,-1.63126,0.384433
1040,1.75279e+09,-65.5553,-11.1397,0.822253,-1.63094,0.34942
1041,1.75279e+09,-65.5641,-11.3029,0.822257,-1.6299,0.322313
1042,1.75279e+09,-65.5727,-11.4633,0.822255,-1.62928,0.300361
1043,1.75279e+09,-65.5801,-11.6039,0.822249,-1.62847,0.269982
